url,cluster
https://haberturk.com/resmi-ilanlar/tc-kulu-sulh-hukuk-mah-satis-memurlugu-3740100,ilan
https://haberturk.com/resmi-ilanlar/cubuk-belediyesi-3740858,ilan
https://haberturk.com/resmi-ilanlar/tcalanya2-aile-mahkemesi-3740452,ilan
https://haberturk.com/resmi-ilanlar/tc-mersin-2-asliye-ticaret-mahkemesi-3740454,ilan
https://haberturk.com/resmi-ilanlar/tc-konya-buyuksehir-belediye-baskanligi-3740461,ilan
https://haberturk.com/resmi-ilanlar/tc-mersin-3-sulh-hukuk-mahkemesi-3740456,ilan
https://haberturk.com/resmi-ilanlar/adana-buyuksehir-belediye-baskanligi-3740862,ilan
https://haberturk.com/resmi-ilanlar/tc-malatya-3-sulh-hukuk-mahkemesi-hakimligi-3740457,ilan
https://haberturk.com/ekonomi,ekonomi
https://haberturk.com/stil/spor-yaparken-bu-7-altin-kurala-dikkat-haberler-3739417,stilhaber
https://haberturk.com/stil/asiri-dusunmeyi-durdurmanin-14-yolu-3739535,stilhaber
https://haberturk.com/stil/cambridge-sozlugu-yilin-kelimesini-manifest-olarak-duyurdu-3739366,stilhaber
https://haberturk.com/stil/erkeklere-tovbe-ettiren-trend-4b-hareketi-sadece-bir-seks-grevi-degil-3740790,stilhaber
https://haberturk.com/stil/kahverengi-gurultu-nedir-bebeklere-beyaz-gurultu-yetiskinlere-kahverengi-gurultu-3741037?utm_source=mainSmallSliderDesktop&utm_medium=mainSmallSliderDesktop&utm_campaign=mainSmallSliderDesktop,stilhaber
https://haberturk.com/stil/erkeklere-tovbe-ettiren-trend-4b-hareketi-sadece-bir-seks-grevi-degil-3740790?utm_source=mainSmallSliderDesktop&utm_medium=mainSmallSliderDesktop&utm_campaign=mainSmallSliderDesktop,stilhaber
https://haberturk.com/stil/ikinci-first-lady-lik-doneminde-melania-trump-in-stili-hangi-markalar-onu-giydirmeyi-reddediyor-3739202,stilhaber
https://haberturk.com/ekonomi/kripto-para/dogecoin,coin
https://haberturk.com/ekonomi/kripto-para/department-of-gov-efficiency,coin
https://haberturk.com/ekonomi/kripto-para/department-of-government-efficiency,coin
https://haberturk.com/ekonomi/kripto-para/cronos-bridged-usdt-cronos,coin
https://haberturk.com/ekonomi/kripto-para/makerdao-optimism-bridged-dai-optimism,coin
https://haberturk.com/ekonomi/kripto-para/mantle-bridged-usdt-mantle,coin
https://haberturk.com/ekonomi/piyasa/2211-bitcoin,coin
https://haberturk.com/ekonomi/kripto-para/binancecoin,coin
https://haberturk.com/ekonomi/kripto-para/crypto-com-bridged-dai-cronos,coin
https://haberturk.com/ekonomi/kripto-para/chiliz,coin
https://haberturk.com/ekonomi/kripto-para/ethereum,coin
https://haberturk.com/ekonomi/kripto-para/decentraland,coin
https://haberturk.com/ekonomi/kripto-para/zoomer,coin
https://haberturk.com/ekonomi/kripto-para/trust-wallet-token,coin
https://haberturk.com/ekonomi/kripto-para/avalanche-2,coin
https://haberturk.com/ekonomi/kripto-para/harrypotterobamapacman8inu,coin
https://haberturk.com/ekonomi/kripto-para/tezos,coin
https://haberturk.com/ekonomi/kripto-para/tether,coin
https://haberturk.com/ekonomi/kripto-para/allbridge-bridged-sol-near-protocol,coin
https://haberturk.com/ekonomi/kripto-para/binance-peg-dogecoin,coin
https://haberturk.com/ekonomi/kripto-para/dai,coin
https://haberturk.com/ekonomi/kripto-para/cardano,coin
https://haberturk.com/ekonomi/kripto-para/bridged-tether-linea,coin
https://haberturk.com/ekonomi/kripto-para/bitcoin,coin
https://haberturk.com/ekonomi/kripto-para/bridged-wrapped-ether-starkgate,coin
https://haberturk.com/ekonomi/kripto-para/ripple,coin
https://haberturk.com/ekonomi/kripto-para/tron,coin
https://haberturk.com/ekonomi/kripto-para/makerdao-arbitrum-bridged-dai-arbitrum-one,coin
https://haberturk.com/ekonomi/kripto-para/solana,coin
https://haberturk.com/ekonomi/kripto-para/polygon-pos-bridged-dai-polygon-pos,coin
https://haberturk.com/yeni-kia-ev3-yollara-cikti-3739907-ekonomi,haber
https://haberturk.com/trump-tan-meksika-kanada-ve-cin-e-ek-tarife-3741135-ekonomi,haber
https://haberturk.com/aol-sinavlari-ne-zaman-meb-2024-2025-acik-lise-aol-1donem-sinav-tarihleri-3741192,haber
https://haberturk.com/yenidogan-davasinda-7-durusma-son-dakika-haberleri-3741152,haber
https://haberturk.com/son-dakika-dem-parti-den-imrali-icin-basvuru-3741294,haber
https://haberturk.com/biden-sukran-gunu-icin-hazirlanmis-hindileri-affetti-3741083,haber
https://haberturk.com/anne-mutfagindan-cikmis-gibi-tadina-doyulmaz-bir-gelenek-evde-pratik-lahana-sarmasi-nasil-yapilir-lahana-sarmasi-tarifi-3739985,haber
https://haberturk.com/10-yasa-kadar-dusen-kozmetik-kullanimi-cocuklarda-cilt-hastaliklarini-artiriyor-3741196?utm_source=mainSmallSliderDesktop&utm_medium=mainSmallSliderDesktop&utm_campaign=mainSmallSliderDesktop,haber
https://haberturk.com/olen-14-yasinda-katil-17-yasinda-guncel-haberler-3739264,haber
https://haberturk.com/tim-cook-cinli-tedarikcilerimiz-olmasaydi-apple-olmazdi-3741067-teknoloji,haber
https://haberturk.com/byd-nin-yeni-fiyatlari-tartisma-yaratti-3738647-ekonomi,haber
https://haberturk.com/cankiri-haberleri/36299420-cankirida-karla-mucadele-calismasinda-2-bin-800-kilometrelik-yol-temizlendi,haber
https://haberturk.com/yasak-ask-dehseti-guncel-haberler-3737562,haber
https://haberturk.com/boyle-hirsizlik-gorulmedi-guncel-haberler-3740279,haber
https://haberturk.com/ulastirma-ve-altyapi-bakani-abdulkadir-uraloglu-sosyal-medyada-yasakci-bir-zihniyette-degiliz-ama-herkesin-de-haddini-bilmesi-lazim-3741279-teknoloji,haber
https://haberturk.com/kalpazan-in-6-nci-bolumu-yayinlandi-3741238-magazin?utm_source=mainSmallSliderDesktop&utm_medium=mainSmallSliderDesktop&utm_campaign=mainSmallSliderDesktop,haber
https://haberturk.com/musk-tan-simdi-de-linkedin-e-gonderme-paylasim-yapmak-utanc-verici-3740879-teknoloji,haber
https://haberturk.com/pomem-basvuru-ekrani-32-donem-pomem-polis-alimi-basvurusu-nasil-ve-nereden-yapilir-sartlari-nelerdir-3741269,haber
https://haberturk.com/bir-anlik-sinirle-yapmis-guncel-haberler-3731717,haber
https://haberturk.com/golpinar-hitit-baraji-dunya-mirasi-sulama-yapilari-listesine-alindi-3740826,haber
https://haberturk.com/bakan-simsek-beklentilerdeki-iyilesme-enflasyondaki-katiliklarin-azalmasini-destekliyor-3741265-ekonomi,haber
https://haberturk.com/ev-sahibi-kiracisini-vurdu-guncel-haberler-3737907,haber
https://haberturk.com/cadi-kazani-oyunu-bahcelievler-de-3741081,haber
https://haberturk.com/satirla-restorana-saldirdi-guncel-haberler-3737246,haber
https://haberturk.com/sindirimi-kolay-besleyici-ve-tatli-laktozsuz-sutun-farki-ne-normal-sutlerden-daha-mi-saglikli-3740401,haber
https://haberturk.com/bim-aktuel-urunler-katalogu-26-kasim-bim-aktuel-urunler-katalogunda-neler-var-3740990,haber
https://haberturk.com/polise-silahli-saldiri-3-yarali-guncel-haberler-3739973,haber
https://haberturk.com/guvenlik-gorevlisi-yolcuyu-vurdu-guncel-haberler-3736926,haber
https://haberturk.com/samsun-haberleri/36299436-samsunun-yuksek-kesimleri-beyaza-burundu,haber
https://haberturk.com/son-10-yilda-mikroplastik-sayisinda-ciddi-artis-karadeniz-de-korkulan-oldu-3741239,haber
https://haberturk.com/esenler-film-festivalinin-juri-baskani-fikret-kuskan-3741087,haber
https://haberturk.com/son-dakika-haberi-30-ilde-pkkkck-ve-pydypg-operasyonu-231-supheli-gozaltinda-3741295,haber
https://haberturk.com/evde-sushi-yapmak-hic-bu-kadar-kolay-olmamisti-restoran-tadinda-californa-roll-sushiyi-kisa-surede-yapabilirsiniz-california-roll-sushi-tarifi-3739608,haber
https://haberturk.com/rusya-dan-aciklama-asya-ya-da-fuze-konuslandirabiliriz-3741010,haber
https://haberturk.com/bursa-haberleri/110607187-firari-feto-hukumlusu-evinde-yakalandi,haber
https://haberturk.com/ust-mahkemeden-marti-karari-erisim-engeli-kalkti-3740113-teknoloji,haber
https://haberturk.com/mhp-lideri-bahceli-den-aciklamalar-3741182,haber
https://haberturk.com/kerem-bursin-yari-ingilizce-yari-turkce-konusmasiyla-ti-ye-alindi-magazin-haberleri-3741191-magazin?utm_source=mainSmallSliderDesktop&utm_medium=mainSmallSliderDesktop&utm_campaign=mainSmallSliderDesktop,haber
https://haberturk.com/ukrayna-nin-dogu-cephesi-dusebilir-3740876,haber
https://haberturk.com/hurda-arac-tesvik-yasa-teklifi-meclise-sunuldu-otv-siz-araba-almanin-onu-aciliyor-mu-otv-kdv-siz-araba-alim-sartlari-3741161,haber
https://haberturk.com/ucm-nin-hakkinda-tutuklanma-emri-cikardigi-eski-israil-savunma-bakani-gallant-abd-ye-gidecek-3740912,haber
https://haberturk.com/izmir-haberleri/36299347-izmir-sehir-hastanesi-2024te-147-donorden-kok-hucre-bagisi-topladi,haber
https://haberturk.com/az-alkmaar-galatasaray-maci-ne-zaman-saat-kacta-uefa-avrupa-ligi-az-alkmaar-galatasaray-maci-hangi-kanalda-gs-avrupa-ligi-mac-takvimi-ve-puan-durumu-3741255,haber
https://haberturk.com/bugun-okullar-tatil-mi-26-kasim-sali-okullar-tatil-mi-kar-tatili-olan-iller-ve-ilceler-hangileri-belli-oldu-mu-gozler-valilik-duyurusunda-3740921,haber
https://haberturk.com/hortumlu-opucuklu-komsu-tacizi-guncel-haberler-3732771,haber
https://haberturk.com/mor-lahanadan-bitkisel-ruj-ve-allik-3741223?utm_source=mainSmallSliderDesktop&utm_medium=mainSmallSliderDesktop&utm_campaign=mainSmallSliderDesktop,haber
https://haberturk.com/yunus-emre-divani-nin-karaman-nushasi-muzayedeye-cikmadi-3740902,haber
https://haberturk.com/emekli-maas-zammi-hesaplama-tablosu-2025-en-dusuk-ocak-emekli-maasi-ne-kadar-olacak-kac-tl-3740868,haber
https://haberturk.com/dso-m-cicegi-virusu-uluslararasi-oneme-sahip-halk-sagligi-acil-durumu-olusturmaya-devam-ediyor-3740398,haber
https://haberturk.com/portakaldan-daha-fazla-c-vitamini-iceren-besinler-3740395,haber
https://haberturk.com/lodoslu-gunlerde-migren-ataklarina-dikkat-haberler-3740432,haber
https://haberturk.com/liseli-kizi-kacirip-insaattan-attilar-guncel-haberler-3735541,haber
https://haberturk.com/a101-aldin-aldin-katalogu-28-kasim-2024-bu-hafta-kamp-malzemeleri-ve-kucuk-ev-aletleri-geliyor-3741289,haber
https://haberturk.com/dso-danismanindan-iklim-krizi-kaynakli-salgin-uyarisi-3740472,haber
https://haberturk.com/evde-fast-food-keyfi-ev-yapimi-hamburger-tarifi-evinizdeki-malzemelerle-nefis-hamburger-yapmanin-sirri-3740222,haber
https://haberturk.com/tekme-yumruk-isirik-guncel-haberler-3739599,haber
https://haberturk.com/villada-aile-katliami-guncel-haberler-3733481,haber
https://haberturk.com/bayern-munih-psg-sampiyonlar-ligi-maci-ne-zaman-saat-kacta-ve-hangi-kanalda-3741168,haber
https://haberturk.com/taylor-swift-konserine-giden-kanada-basbakani-na-tepki-sokaklar-yaniyor-justin-trudeau-dans-ediyor-magazin-haberleri-3740839-magazin,haber
https://haberturk.com/birkan-sokullu-ayrimciliga-asla-izin-vermem-magazin-haberleri-3740609-magazin,haber
https://haberturk.com/haluk-bilginer-3741148-magazin?utm_source=mainSmallSliderDesktop&utm_medium=mainSmallSliderDesktop&utm_campaign=mainSmallSliderDesktop,haber
https://haberturk.com/ilaclanan-evdeki-bebek-oldu-guncel-haberler-3738240,haber
https://haberturk.com/kesik-bas-cinayetinde-mustafa-keles-in-azmettirici-belli-oldu-son-dakika-haberi-3741202,haber
https://haberturk.com/uluslararasi-suc-ve-ceza-film-festivali-dorduncu-gunu-geride-birakti-3741234?utm_source=mainSmallSliderDesktop&utm_medium=mainSmallSliderDesktop&utm_campaign=mainSmallSliderDesktop,haber
https://haberturk.com/berrak-tuzunatac-ozel-hayati-hakkinda-konustu-yalnizligim-bilincli-bir-karar-magazin-haberleri-3740604-magazin,haber
https://haberturk.com/adana-haberleri/36299415-adanada-acik-alanda-yetistirilen-guz-domatesinde-hasat-basladi,haber
https://haberturk.com/kuyumcuya-5-milyonluk-harac-kursunu-guncel-haberler-3733127,haber
https://haberturk.com/alisan-dan-nostaljik-paylasim-yil-1994-magazin-haberleri-3741131-magazin,haber
https://haberturk.com/samsun-haberleri/36299411-samsunda-makine-ve-otomotiv-sanayi-calismalari,haber
https://haberturk.com/kayseri-haberleri-2-eltinin-kahreden-olumu-son-dakika-haberleri-3741136,haber
https://haberturk.com/turk-ten-bahceli-ile-gorusme-aciklamasi-3741281,haber
https://haberturk.com/sok-aktuel-urunler-26-kasim-2024-bu-hafta-sok-aktuel-urunlerde-neler-var-hangi-urunler-indirimli-3741172,haber
https://haberturk.com/son-depremler-listesi-26-kasim-2024-az-once-deprem-mi-oldu-merkez-ussu-neresi-ve-kac-buyuklugunde-kandilli-rasathanesi-ve-afad-son-dakika-deprem-haberleri-3741128,haber
https://haberturk.com/ankara-haberleri/36299408-teror-orgutlerine-yonelik-gurz-27-operasyonlarinda-231-supheli-yakalandi,haber
https://haberturk.com/gaziantep-te-kis-aylarinin-vazgecilmezi-menengic-kahvesi-3741205,haber
https://haberturk.com/son-dakika-cumhurbaskani-erdogan-nato-genel-sekreteri-yle-gorusuyor-3740998,haber
https://haberturk.com/devrim-ozkan-dan-lucas-torreira-ya-en-buyuk-destekcim-magazin-haberleri-3741115-magazin?utm_source=mainSmallSliderDesktop&utm_medium=mainSmallSliderDesktop&utm_campaign=mainSmallSliderDesktop,haber
https://haberturk.com/sokak-ortasinda-koca-dehseti-guncel-haberler-3738944,haber
https://haberturk.com/gune-kahveyle-mi-yoksa-cayla-mi-baslamaliyiz-3740648?utm_source=mainSmallSliderDesktop&utm_medium=mainSmallSliderDesktop&utm_campaign=mainSmallSliderDesktop,haber
https://haberturk.com/sibel-can-dan-1800-ler-esintisi-magazin-haberleri-3740848-magazin,haber
https://haberturk.com/habib-i-neccar-camisi-nin-restorasyonunun-gelecek-yil-tamamlanmasi-planlaniyor-3741160,haber
https://haberturk.com/serif-goren-in-uyandirilmasi-ertelendi-magazin-haberleri-3741141-magazin,haber
https://haberturk.com/cankiri-haberleri/36299356-cankirida-anne-ve-kizi-28-yil-sonra-birbirlerine-kavustu,haber
https://haberturk.com/a101-aktuel-urunler-katalogu-28-kasim-persembe-bu-hafta-a101-aktuel-urunlerde-neler-var-3740417,haber
https://haberturk.com/asgari-ucret-tespit-komisyonu-ne-zaman-toplanacak-asgari-ucret-tespit-komisyonu-toplanti-tarihleri-belli-oldu-mu-zam-pazarligi-icin-tarih-verildi-3741268,haber
https://haberturk.com/turkiye-de-10-anadolu-parsi-goruntulendi-iste-ortak-noktalari-3740844,haber
https://haberturk.com/camasir-makinesi-kavgasi-guncel-haberler-3733772,haber
https://haberturk.com/evde-citir-nugget-yapimi-disaridan-daha-lezzetli-olmasinin-5-sirri-3739214,haber
https://haberturk.com/diyet-yapiyorsunuz-ama-kilo-almaya-devam-mi-ediyorsunuz-sebep-bu-gizli-etkenler-olabilir-3740385,haber
https://haberturk.com/ask-ve-cekismenin-yansimasi-uc-tunc-tas-3741084,haber
https://haberturk.com/canli-altin-fiyatlari-alis-satis-tablosu-26-kasim-2024-pazartesi-altin-dususte-bugun-gram-ve-ceyrek-ne-kadar-3741127,haber
https://haberturk.com/gevas-ilce-halk-kutuphanesi-yeni-binasinda-hizmete-acildi-3741260,haber
https://haberturk.com/evlerin-ici-olum-saciyor-ev-ici-kirliligi-nedeniyle-2020-yilinda-32-milyon-kisi-yasamini-yitirdi-haberler-3741221,haber
https://haberturk.com/akildan-kalbe-nin-fragmani-yayinlandi-3739711-magazin,haber
https://haberturk.com/serkay-tutuncu-zeynep-in-burnunda-4-5-yildir-sikinti-vardi-magazin-haberleri-3739790-magazin,haber
https://haberturk.com/tek-gozunu-kaybeden-elton-john-degisen-hayatini-anlatti-magazin-haberleri-3741164-magazin?utm_source=mainSmallSliderDesktop&utm_medium=mainSmallSliderDesktop&utm_campaign=mainSmallSliderDesktop,haber
https://haberturk.com/corbacida-sandalyeyle-olduruldu-guncel-haberler-3734885,haber
https://haberturk.com/cocuklariniza-temiz-bir-dunya-birakin-su-tasarrufuna-bu-kucuk-ama-etkili-adimlarla-baslayabilirsiniz-3739901?utm_source=mainSmallSliderDesktop&utm_medium=mainSmallSliderDesktop&utm_campaign=mainSmallSliderDesktop,haber
https://haberturk.com/dorduncu-cocugunu-bekleyen-megan-fox-un-transparan-hamile-stili-magazin-haberleri-3741261-magazin,haber
https://haberturk.com/yeni-yilda-yepyeni-konserler-is-sanat-ta-3741082,haber
https://haberturk.com/yanlis-anladi-bicakladi-guncel-haberler-3735934,haber
https://haberturk.com/ortagini-oldurdu-ormana-atti-guncel-haberler-3735201,haber
https://haberturk.com/istismar-sonrasi-baltali-dehset-guncel-haberler-3732059,haber
https://haberturk.com/dogal-sac-bakiminda-yeni-trend-sac-dokulmenizi-bibriye-suyu-ile-durdurabilir-misiniz-3740399,haber
https://haberturk.com/unesconun-gozunden-turkiyenin-kulturel-mirasi-anadolu-nun-bin-yillik-dokunuslari-bugun-unutulmaya-yuz-tutmus-turk-sanatinin-temelleri-3740290,haber
https://haberturk.com/son-dakika-chp-lideri-ozgur-ozel-den-aciklamalar-3741285,haber
https://haberturk.com/istanbul-da-bombali-eylem-hazirligindaki-2-deas-li-yakalandi-3741288,haber
https://haberturk.com/yeni-kainat-guzeli-victoria-theilvig-e-irkcilik-tepkisi-magazin-haberleri-3741208-magazin?utm_source=mainSmallSliderDesktop&utm_medium=mainSmallSliderDesktop&utm_campaign=mainSmallSliderDesktop,haber
https://haberturk.com/fransa-scalp-fuzeleri-ukrayna-nin-elinde-3741263,haber
https://haberturk.com/bakan-guler-kuzey-irak-ta-kilit-kapandi-3741193,haber
https://haberturk.com/video/haber/izle/turkiyenin-en-guzel-dogal-gollerindendi-kovada-golu-can-cekisiyor/863803,haber
https://haberturk.com/dogu-ekspresi-turu-kac-gun-suruyor-guzergahlari-ve-duraklari-neresi-turistik-dogu-ekspresi-bilet-fiyatlari-3741211,haber
https://haberturk.com/eglenceli-bir-hobi-evde-mum-nasil-yapilir-3741022?utm_source=mainSmallSliderDesktop&utm_medium=mainSmallSliderDesktop&utm_campaign=mainSmallSliderDesktop,haber
https://haberturk.com/evde-kunefe-yapmak-hic-bu-kadar-kolay-olmamisti-iste-kolaylikla-hazirlayabileceginiz-adim-adim-kunefe-tarifi-3738933,haber
https://haberturk.com/versaillesin-aynalar-salonu-ihtisam-ve-tarihi-birlikte-yansitan-mekan-versailles-sarayinin-kalbinde-bir-yolculuk-3740304,haber
https://haberturk.com/eda-ece-favori-dizim-kizilcik-serbeti-magazin-haberleri-3741146-magazin,haber
https://haberturk.com/slavia-prag-fenerbahce-maci-ne-zaman-saat-kacta-uefa-avrupa-ligi-slavia-prag-fenerbahce-maci-hangi-kanalda-fb-avrupa-ligi-puan-durumu-ve-mac-takvimi-3741204,haber
https://haberturk.com/intihar-denilmisti-duygu-yu-sevgilisi-katletmis-son-dakika-haberleri-3741183,haber
https://haberturk.com/turkiye-nin-en-guzel-dogal-gollerindendi-kovada-golu-can-cekisiyor-3741273,haber
https://haberturk.com/mehmet-yilmaz-ak-kendim-gibi-yasiyorum-magazin-haberleri-3739803-magazin,haber
https://haberturk.com/deniz-akkkaya-hakkinda-gozalti-karari-3741190-magazin,haber
https://haberturk.com/burdur-boubon-antik-kenti-kokenli-septimius-severus-heykel-basi-60-yil-sonra-donuyor-3741264?utm_source=mainSmallSliderDesktop&utm_medium=mainSmallSliderDesktop&utm_campaign=mainSmallSliderDesktop,haber
https://haberturk.com/magazin,magazin
https://haberturk.com/havadurumu/Turkiye-TR/Erzincan/LTCD,hd
https://haberturk.com/havadurumu/Turkiye-TR/Bartin/LT04,hd
https://haberturk.com/havadurumu/Turkiye-TR/Duzce/TU0629,hd
https://haberturk.com/havadurumu/Turkiye-TR/Bursa/LTBU,hd
https://haberturk.com/havadurumu/Turkiye-TR/Corum/LTT2,hd
https://haberturk.com/havadurumu/Turkiye-TR/Sakarya/LTSK,hd
https://haberturk.com/havadurumu/Turkiye-TR/Adana/LTAG,hd
https://haberturk.com/havadurumu/Turkiye-TR/Gumushane/LT12,hd
https://haberturk.com/havadurumu/Turkiye-TR/Batman/LTCJ,hd
https://haberturk.com/havadurumu/Turkiye-TR/Ordu/LT26,hd
https://haberturk.com/havadurumu/Turkiye-TR/Kocaeli/LTKO,hd
https://haberturk.com/havadurumu/Turkiye-TR/Mardin/LTT6,hd
https://haberturk.com/havadurumu/Turkiye-TR/Siirt/LT29,hd
https://haberturk.com/havadurumu/Turkiye-TR/Bilecik/LTKY,hd
https://haberturk.com/havadurumu/Turkiye-TR/Sanliurfa/LT30,hd
https://haberturk.com/havadurumu/Turkiye-TR/Istanbul/LTSI,hd
https://haberturk.com/havadurumu/Turkiye-TR/Van/LTCI,hd
https://haberturk.com/havadurumu/Turkiye-TR/Burdur/LT08,hd
https://haberturk.com/havadurumu/Turkiye-TR/Zonguldak/LTZO,hd
https://haberturk.com/havadurumu/Turkiye-TR/Kirklareli/LTKK,hd
https://haberturk.com/havadurumu/Turkiye-TR/Manisa/LT25,hd
https://haberturk.com/havadurumu/Turkiye-TR/Hatay/LTDA,hd
https://haberturk.com/havadurumu/Turkiye-TR/Kars/LTCF,hd
https://haberturk.com/havadurumu/Turkiye-TR/Malatya/LTMA,hd
https://haberturk.com/havadurumu/Turkiye-TR/Gaziantep/LTGA,hd
https://haberturk.com/havadurumu/Turkiye-TR/Kilis/LT23,hd
https://haberturk.com/havadurumu/Turkiye-TR/Bolu/LTT1,hd
https://haberturk.com/havadurumu/Turkiye-TR/Edirne/LTEI,hd
https://haberturk.com/havadurumu/Turkiye-TR/Diyarbakir/LTCC,hd
https://haberturk.com/havadurumu/Turkiye-TR/Tokat/LTAW,hd
https://haberturk.com/havadurumu/Turkiye-TR/Kahramanmaras/LT17,hd
https://haberturk.com/havadurumu/Turkiye-TR/Usak/LTBO,hd
https://haberturk.com/havadurumu/Turkiye-TR/Aksaray/LT01,hd
https://haberturk.com/havadurumu/Turkiye-TR/Konya/LTAN,hd
https://haberturk.com/havadurumu/Turkiye-TR/Nevsehir/LTT0,hd
https://haberturk.com/havadurumu/Turkiye-TR/Bayburt/LT05,hd
https://haberturk.com/havadurumu/Turkiye-TR/Adiyaman/LTDY,hd
https://haberturk.com/havadurumu/Turkiye-TR/Karaman/LT19,hd
https://haberturk.com/havadurumu/Turkiye-TR/Eskisehir/LTES,hd
https://haberturk.com/havadurumu/Turkiye-TR/Afyon/LTAF,hd
https://haberturk.com/havadurumu/Turkiye-TR/Yozgat/LTYZ,hd
https://haberturk.com/havadurumu/Turkiye-TR/Sinop/LTSP,hd
https://haberturk.com/havadurumu/Turkiye-TR/Sivas/LTAR,hd
https://haberturk.com/havadurumu/Turkiye-TR/Artvin/LTAT,hd
https://haberturk.com/havadurumu/Turkiye-TR/Sirnak/TU0265,hd
https://haberturk.com/havadurumu/Turkiye-TR/Ardahan/LT02,hd
https://haberturk.com/havadurumu/Turkiye-TR/Giresun/LT11,hd
https://haberturk.com/havadurumu/Turkiye-TR/Tunceli/LT32,hd
https://haberturk.com/havadurumu/Turkiye-TR/Mersin/LT16,hd
https://haberturk.com/havadurumu/Turkiye-TR/Antalya/TU0199,hd
https://haberturk.com/havadurumu/Turkiye-TR/Yalova/TU0615,hd
https://haberturk.com/havadurumu/Turkiye-TR/Ankara/LTAD,hd
https://haberturk.com/havadurumu/Turkiye-TR/Mus/LTCK,hd
https://haberturk.com/havadurumu/Turkiye-TR/Kirsehir/LT22,hd
https://haberturk.com/havadurumu/Turkiye-TR/Bingol/LTT5,hd
https://haberturk.com/havadurumu/Turkiye-TR/Trabzon/LTTR,hd
https://haberturk.com/havadurumu/Turkiye-TR/Bitlis/LT07,hd
https://haberturk.com/havadurumu/Turkiye-TR/Osmaniye/LT27,hd
https://haberturk.com/havadurumu/Turkiye-TR/Karabuk/LT18,hd
https://haberturk.com/havadurumu/Turkiye-TR/Kastamonu/LT20,hd
https://haberturk.com/havadurumu/Turkiye-TR/Rize/LT28,hd
https://haberturk.com/havadurumu/Turkiye-TR/Kayseri/LTAU,hd
https://haberturk.com/havadurumu/Turkiye-TR/Kutahya/LT24,hd
https://haberturk.com/havadurumu/Turkiye-TR/Agri/LTCB,hd
https://haberturk.com/havadurumu/Turkiye-TR/Aydin/LT03,hd
https://haberturk.com/havadurumu/Turkiye-TR/Amasya/LTT3,hd
https://haberturk.com/havadurumu/Turkiye-TR/Isparta/LTBM,hd
https://haberturk.com/havadurumu/Turkiye-TR/Kirikkale/LT21,hd
https://haberturk.com/havadurumu/Turkiye-TR/Tekirdag/LTTK,hd
https://haberturk.com/havadurumu/Turkiye-TR/Nigde/LTNI,hd
https://haberturk.com/havadurumu/Turkiye-TR/Mugla/LTT8,hd
https://haberturk.com/havadurumu/Turkiye-TR/Canakkale/LTBH,hd
https://haberturk.com/havadurumu/Turkiye-TR/Erzurum/LTCE,hd
https://haberturk.com/havadurumu/Turkiye-TR/Izmir/LTBL,hd
https://haberturk.com/havadurumu/Turkiye-TR/Samsun/LTSS,hd
https://haberturk.com/havadurumu/Turkiye-TR/Balikesir/LTBF,hd
https://haberturk.com/havadurumu/Turkiye-TR/Hakkari/LT13,hd
https://haberturk.com/havadurumu/Turkiye-TR/Igdir/TU0486,hd
https://haberturk.com/havadurumu/Turkiye-TR/Cankiri/LT09,hd
https://haberturk.com/havadurumu/Turkiye-TR/Denizli/LT10,hd
https://haberturk.com/havadurumu/Turkiye-TR/Elazig/LTCA,hd
https://haberturk.com/ozel-icerikler/mehmet-ayan/3740761-bir-gonul-sayfasi-daha-kapandi,yazi
https://haberturk.com/ozel-icerikler/nasuhi-gungor/3741159-turkiyeye-ve-erdogana-haksizlik,yazi
https://haberturk.com/ozel-icerikler/esin-ovet-1064/3740783-yapay-zekadan-korkalim-mi-sevelim-mi,yazi
https://haberturk.com/ozel-icerikler/mesut-yar-2589/3739486-siyasi-bunaklik-kiyamet-nedeni-mi-olacak,yazi
https://haberturk.com/ozel-icerikler/ridvan-dilmen/3739597-forvetsiz-degil-hedef-santrforsuz,yazi
https://haberturk.com/ozel-icerikler/muhsin-kizilkaya-2291/3740573-tolstoyun-roman-kahramani-dekabrist-kuzeni,yazi
https://haberturk.com/ozel-icerikler/oray-egin/3736499-aradigim-cin-lokantasi-erdogana-komsu-cikti,yazi
https://haberturk.com/ozel-icerikler/oray-egin/3738509-baklavaci-asla-sadece-baklavaci-degildir,yazi
https://haberturk.com/ozel-icerikler/ibrahim-yildiz/3740763-besiktas-ta-degisim-kacinilmaz,yazi
https://haberturk.com/ozel-icerikler/nagehan-alci/3740904-saadet-partisi-kongresinde-neler-yasandi,yazi
https://haberturk.com/ozel-icerikler/muharrem-sarikaya/3740675-ilicte-2-bilirkisi-raporu-tesiste-ced-ihlali-yok,yazi
https://haberturk.com/ozel-icerikler/oray-egin/3732331-eski-turkiyenin-kiyisinda,yazi
https://haberturk.com/ozel-icerikler/guntay-simsek-1019/3740696-ucak-kazalari-azaliyor,yazi
https://haberturk.com/ozel-icerikler/mehmet-acar/3740516-ozun-kotu-cadisinin-hikyesi,yazi
https://haberturk.com/ozel-icerikler/prof-dr-temel-yilmaz/3724613-metin-arolat-in-zamansiz-kaybi-spekulasyonlar-ve-genc-yas-kalp-krizi-olumlerinin-ardindaki-gercek,yazi
https://haberturk.com/ozel-icerikler/nihal-bengisu-karaca/3741201-abd-hollandayi-isgal-eder-mi,yazi
https://haberturk.com/ozel-icerikler/oray-egin/3740954-hamisin-vasiyeti-adeta,yazi
https://haberturk.com/ozel-icerikler/ayse-ozek-karasu/3740353-scholz-kazanamayacak-aday,yazi
https://haberturk.com/ozel-icerikler/abdurrahman-yildirim-1018/3740837-trump-kasirgasi-abdde-esti-avrupayi-yikti,yazi
https://haberturk.com/can-baytak-karikaturleri-kasim-2024-3735194,karikatür
https://haberturk.com/can-baytak-karikaturleri-agustos-2024-3708118,karikatür
https://haberturk.com/can-baytak-karikaturleri-mayis-3682328,karikatür
https://haberturk.com/can-baytak-karikaturleri-ekim-2024-3725495,karikatür
https://haberturk.com/can-baytak-karikaturleri-haziran-2024-3692326,karikatür
https://haberturk.com/can-baytak-karikaturleri-nisan-2024-3674373,karikatür
https://haberturk.com/can-baytak-karikaturleri-eylul-2024-3716594,karikatür
https://haberturk.com/can-baytak-karikaturleri-temmuz-2024-3701160,karikatür
https://haberturk.com/bulmaca,blmc
https://haberturk.com/bulmaca/cengel,blmc
https://haberturk.com/bulmaca/sudoku,blmc
https://haberturk.com/video/programlar/izle/chp-lideri-ozgur-ozel--tegmenlere-sahip-cikacagiz/863700,video
https://haberturk.com/video/gundem/izle/turkiyenin-dort-bir-yaninda-kar-var-soguk-hava-ne-kadar-surecek/863728,video
https://haberturk.com/video/gundem/izle/organize-kotuluk-hakim-karsisinda-saniklar-ifadelerinde-ne-soyledi/863776,video
https://haberturk.com/video/gundem/izle/son-dakika-istanbul-egitim-ve-arastirma-hastanesinde-yangin/863802,video
https://haberturk.com/video/haber/izle/ahmet-turk-ile-gorusme-aciklamasi/863807,video
https://haberturk.com/video/haber/izle/karda-mahsur-kalan-cifti-afad-ekipleri-kurtardi/863808,video
https://haberturk.com/video/gundem/izle/mhp-genel-baskan-yardimcisi-semih-yalcin-deme-taseron-olmaktan-vazgecme-cagrisidir/863679,video
https://haberturk.com/video/gundem/izle/en-dusuk-emekli-maasi-ne-kadar-olacak/863775,video
https://haberturk.com/video/gundem/izle/dem-partili-kayapinar-belediyesi-es-baskani-cengiz-dundar-gozaltina-alindi/863786,video
https://haberturk.com/video/haber/izle/son-10-yilda-mikroplastik-sayisinda-ciddi-artis-karadenizde-korkulan-oldu/863817,video
https://haberturk.com/video/gundem/izle/baede-kaybolan-haham-olu-bulundu/863646,video
https://haberturk.com/video/gundem/izle/cumhurbaskani-basdanismani-ucum-turkiyenin-ic-kurt-sorunu-kalmamistir/863580,video
https://haberturk.com/video/gundem/izle/cinin-gizemli-gemisi-uyduya-yakalandi/863574,video
https://haberturk.com/video/gundem/izle/kar-yagisi-nedeniyle-bircok-il-ve-ilcede-egitime-ara-verildi/863791,video
https://haberturk.com/video/haber/izle/mhp-lideri-bahceli-dunya-korku-tunelindedir/863793,video
https://haberturk.com/video/gundem/izle/kar-yagislari-etkisini-surdurur-mu/863629,video
https://haberturk.com/video/gundem/izle/netanyahu-belge-sizintisi-yayinlari-itibarima-yonelikti/863568,video
https://haberturk.com/video/gundem/izle/netanyahu-hakkindaki-yakalama-kararina-hamaneyden-ilk-tepki/863734,video
https://haberturk.com/video/haber/izle/turkten-bahceli-ile-gorusme-aciklamasi/863806,video
https://haberturk.com/video/programlar/izle/omer-celik-muhalefet-her-sikistiginda-erken-secimden-bahsediyor/863683,video
https://haberturk.com/video/programlar/izle/yenidogan-cetesi-davasinda-sonuc-ne-olacak/863680,video
https://haberturk.com/video/haber/izle/istanbul-egitim-ve-arastirma-hastanesinde-yangin/863797,video
https://haberturk.com/video/gundem/izle/cumhurbaskani-erdogan-sozlesme-degil-kanunlar-yaratir/863800,video
https://haberturk.com/video/programlar/izle/yilmazdan-guven-endeksi-mesaji/863703,video
https://haberturk.com/video/gundem/izle/kadina-karsi-siddetle-mucadele-eylemine-neden-izin-yok/863740,video
https://haberturk.com/video/haber/izle/kesik-bas-cinayetinde-9-saniga-agirlastirilmis-muebbet-istendi/863794,video
https://haberturk.com/video/gundem/izle/mermer-ocaginda-heyelan-faciasi-2-isci-hayatini-kaybetti/863801,video
https://haberturk.com/ahmet-kivanc-ile-sosyal-guvenlik,yzr
https://haberturk.com/mustafa-sekeroglu-ile-kriminal-dosyalar,yzr
https://haberturk.com/rahim-ak-ile-borsada-yatirim,yzr
https://haberturk.com/ceyda-erenoglu-ile-saglik,yzr
https://haberturk.com/mehmet-caliskan-ile-haftanin-portresi,yzr
https://haberturk.com/rahim-ak-ile-yatirimci-rehberi,yzr
https://haberturk.com/oray-egin-ile-mekanlarin-artilari-eksileri,yzr
https://haberturk.com/rahim-ak-ile-borsanin-sirketleri,yzr
https://haberturk.com/mehmet-simsek-ile-guzergah,yzr
https://haberturk.com/aytekin-teker-ile-o-simdi-nerede,yzr
https://haberturk.com/htgastro/kesfet/kotu-ruhlari-kovan-balkabagibahcesi-3733628,gastrohaber
https://haberturk.com/htgastro/kesfet/tas-gibi-sert-yogurt-yapmanin-puf-noktalari-3738828,gastrohaber
https://haberturk.com/htgastro/lezzetli-hatlar/en-hakiki-zeytinyagi-hangisi-3734152,gastrohaber
https://haberturk.com/htgastro/lezzetli-hatlar/dunyanin-en-iyi-6-findigi-3739476,gastrohaber
https://haberturk.com/htgastro/tarifler/ataturk-un-sevdigi-yemekler-3736516,gastrohaber
https://haberturk.com/htgastro/lezzetli-hatlar/balkabagindan-neler-yapilabilir-3733823,gastrohaber
https://haberturk.com/htgastro/lezzetli-hatlar/dunyanin-en-iyi-16-restorani-3736678,gastrohaber
https://haberturk.com/htgastro/kesfet/dunyanin-en-sira-disi-7-kapsul-otel-odasi-3726263,gastrohaber
https://haberturk.com/htgastro/kesfet/ataturk-un-izini-tasiyan-15-mekan-3736517,gastrohaber
https://haberturk.com/htgastro/seyahat/dunyanin-en-iyi-50-oteli-3737916,gastrohaber
https://haberturk.com/bilgi/alisveris,bilgi
https://haberturk.com/stil,stil
https://haberturk.com/htgastro,stil
https://haberturk.com/ekonomi/altin,altin
https://haberturk.com/ekonomi/piyasa/1947-faiz,hisse
https://haberturk.com/ekonomi/piyasa/1-bist-100,hisse
https://haberturk.com/her-10-dakikada-1-kadin-olduruldu-3740903,infograf
https://haberturk.com/konutta-10-yilda-en-cok-hangi-bolgeler-degerlendi-3738850,infograf
https://haberturk.com/en-az-bir-yabanci-dil-biliyorum-diyenler-3739213,infograf
https://haberturk.com/hangi-ulkeler-nukleer-silaha-sahip-3739569,infograf
https://haberturk.com/cocuklu-hanelerin-nufus-icindeki-payi-3739890,infograf
https://haberturk.com/asya-kitasinda-kadina-siddet-artmaya-devam-ediyor-3741242,infograf
https://haberturk.com/super-bilgisayarlarin-gucu-3740143,infograf
https://haberturk.com/the-economist-in-2025-kehanet-kapaginin-sifreleri-neler-3739420,infograf
https://haberturk.com,anasayfa
https://haberturk.com/,anasayfa
https://haberturk.com/spor,spor
https://haberturk.com/ekonomi/teknoloji,teknoloji
https://haberturk.com/ekonomi/piyasa/89-euro,döviz
https://haberturk.com/ekonomi/piyasa/88-dolar,döviz
https://haberturk.com/gundem,gundem
https://haberturk.com/kultur-sanat,gundem
https://haberturk.com/magazin/objektife-takilanlar,gundem
https://haberturk.com/yasam,gundem
https://haberturk.com/dunya,gundem
https://haberturk.com/yemek-yapma,gundem
https://haberturk.com/saglik,gundem
https://haberturk.com/bilgi,gundem
https://haberturk.com/kesfet,gundem
https://haberturk.com/medina-transferinde-fenerbahce-ye-mujde-3741246-spor,sporhaber
https://haberturk.com/fenerbahce-de-yedekler-hazir-3741298-spor?utm_source=mainSmallSliderDesktop&utm_medium=mainSmallSliderDesktop&utm_campaign=mainSmallSliderDesktop,sporhaber
https://haberturk.com/la-liga-da-sezonun-oyuncusu-jude-bellingham-3741270-spor,sporhaber
https://haberturk.com/besiktas-son-4-sezonun-en-kotu-donemini-yasiyor-3741233-spor,sporhaber
https://haberturk.com/tek-takimda-top-kosturan-yildizlar-3740888-spor?utm_source=mainSmallSliderDesktop&utm_medium=mainSmallSliderDesktop&utm_campaign=mainSmallSliderDesktop,sporhaber
https://haberturk.com/basaksehir-de-hedef-mutlak-galibiyet-3741219-spor,sporhaber
https://haberturk.com/lucas-torreira-dalyaya-hazirlaniyor-3741222-spor,sporhaber
https://haberturk.com/nijerya-dan-flas-iddia-cimbom-a-kotu-haber-3741186-spor,sporhaber
https://haberturk.com/kasimpasa-deplasmanda-kaybetmiyor-3741291-spor,sporhaber
https://haberturk.com/avrupa-da-hakemler-belli-oldu-3741272-spor,sporhaber
https://haberturk.com/en-yeni-otomobilleri-ekrana-tasiyan-otospor-basladi-3741254-spor?utm_source=mainSmallSliderDesktop&utm_medium=mainSmallSliderDesktop&utm_campaign=mainSmallSliderDesktop,sporhaber
https://haberturk.com/besiktas-ta-duran-top-kabusu-3741296-spor?utm_source=mainSmallSliderDesktop&utm_medium=mainSmallSliderDesktop&utm_campaign=mainSmallSliderDesktop,sporhaber
https://haberturk.com/anderson-talisca-dan-fenerbahcelileri-heyecanlandiran-paylasim-3741213-spor?utm_source=mainSmallSliderDesktop&utm_medium=mainSmallSliderDesktop&utm_campaign=mainSmallSliderDesktop,sporhaber
https://haberturk.com/galatasaray-dan-davide-calabria-hamlesi-3741166-spor,sporhaber
https://haberturk.com/resmi-ilanlar,ilanlar
https://haberturk.com/arac-alacaklar-dikkat-trafik-sigortasinda-sure-degisiyor-3741206-ekonomi,ekonomihaber
https://haberturk.com/diablo-ya-rakip-olabilecek-mi-path-of-exile-2-erken-erisimle-cikiyor-3740973-teknoloji,ekonomihaber
https://haberturk.com/bakan-bayraktar-arz-guvenligi-acisindan-gaza-ihtiyacimiz-var-3741256-ekonomi,ekonomihaber
https://haberturk.com/son-dakika-spk-baskani-gonul-aciga-satis-yasagini-yakinda-kaldiracagiz-3741210-ekonomi,ekonomihaber
https://haberturk.com/dogu-ekspresi-biletleri-tukendi-3741174-ekonomi,ekonomihaber
https://haberturk.com/yeni-peugeot-5008-satisa-sunuldu-3740872-ekonomi,ekonomihaber
https://haberturk.com/nvidia-ceo-su-jensen-huang-trump-yonetimi-altinda-kuresel-teknoloji-isbirligi-devam-edecek-3740646-teknoloji,ekonomihaber
https://haberturk.com/bitcoin-in-yukselisini-kutlamak-icin-lokma-dagittilar-3741232-ekonomi,ekonomihaber
https://haberturk.com/ekonomi/doviz,ekonomihaber
https://haberturk.com/bakan-isikhan-dan-asgari-ucret-aciklamasi-3741249-ekonomi,ekonomihaber
https://haberturk.com/mercedes-benz-esprinter-turkiye-de-satisa-sunuldu-3740455-ekonomi,ekonomihaber
https://haberturk.com/yatirimlari-artirmak-icin-koc-sabanci-isbirligi-3741079-ekonomi,ekonomihaber
https://haberturk.com/buffett-servetini-neden-ailesine-birakmiyor-3741275-ekonomi,ekonomihaber
https://haberturk.com/engelli-emeklilik-sartlari-degisiyor-3741094-ekonomi,ekonomihaber
https://haberturk.com/spor/iddaa/canlisonuclar,canliskor
https://haberturk.com/aydinlatma-metni,aydmtn
https://haberturk.com/cerez-politikasi,aydmtn
https://haberturk.com/tummansetler,mansetler
https://haberturk.com/spor/fikstur/1-54916,fikstur
https://haberturk.com/yerel-haberler,yerelh
https://haberturk.com/htyazarlar,yazilar
https://haberturk.com/ekonomi/kripto-para,kriptopara
https://haberturk.com/yenimedya/akil-oyunlari/zihin-jimnastigi,akýlo
https://haberturk.com/karikatur,karikatürs
https://haberturk.com/elektrikli-otomobiller,eos
https://haberturk.com/yenimedya/akil-oyunlari,zj
https://haberturk.com/samsun-haberleri/36299429-vezirkoprude-ogretmenler-gunu-programi-duzenlendi,yerelhaber
https://haberturk.com/mardin-haberleri/110607241-mardinde-adliye-onundeki-silahli-saldirinin-goruntuleri-ortaya-cikti,yerelhaber
https://haberturk.com/gundem/info-grafik,ingografs
https://haberturk.com/video,videos
https://haberturk.com/canliyayin,cy
https://haberturk.com/ekonomi/borsa,hisseler
https://haberturk.com/spor/iddaa/puandurumu/1/54916,puand
