url,cluster
https://www.trendyol.com/arcelik/cm-6342-in-cay-makinesi-p-810039483,ürün
https://www.trendyol.com/arcelik/900-kmx-9-kg-a-kurutma-makinesi-p-796119952,ürün
https://www.trendyol.com/arcelik/md-201-s-mikrodalga-firin-p-339211448,ürün
https://www.trendyol.com/tchibo/profesional-special-filtre-kahve-4x250gr-p-52915799,ürün
https://www.trendyol.com/helly-hansen/helly-hansen-w-daybreaker-snap-kadin-yesil-polar-49535-489-p-865693680,ürün
https://www.trendyol.com/kumtel/fanli-isitici-2000-w-lx-6331-gri-p-66082951,ürün
https://www.trendyol.com/arcelik-x-b626,marka
https://www.trendyol.com/arcelik-davlumbaz-x-b626-c103627,marka
https://www.trendyol.com/tchibo-x-b993,marka
https://www.trendyol.com/penti-x-b125,marka
https://www.trendyol.com/sr?wb=125&vr=size|group-2-3-yas,marka
https://www.trendyol.com/sr?wb=125&vr=size|group-3xl,marka
https://www.trendyol.com/arcelik-beyaz-televizyon-x-b626-r3-c104156,marka
https://www.trendyol.com/arcelik-termosifon-x-b626-c104085,marka
https://www.trendyol.com/arcelik-hazir-gunes-enerji-sistemleri-x-b626-c143990,marka
https://www.trendyol.com/sr?wb=125&vr=size|group-75c,marka
https://www.trendyol.com/freshlife-x-b146451,marka
https://www.trendyol.com/penti-omuz-cantasi-x-b125-c101465,marka
https://www.trendyol.com/tchibo-sweatshirt-x-b993-c1179,marka
https://www.trendyol.com/penti-iclik-x-b125-c103713,marka
https://www.trendyol.com/penti-kolye-x-b125-c102,marka
https://www.trendyol.com/penti-elbise-x-b125-c56,marka
https://www.trendyol.com/tchibo-sicak-su-torbasi-ve-isitici-ped-x-b993-c144529,marka
https://www.trendyol.com/sr?wb=993&pbi=true,marka
https://www.trendyol.com/penti-fantezi-jartiyer-x-b125-c109043,marka
https://www.trendyol.com/arcelik-cay-makinesi-x-b626-c108890,marka
https://www.trendyol.com/arcelik-tv-aksesuari-x-b626-c104461,marka
https://www.trendyol.com/tchibo-termometre-nem-olcer-x-b993-c165820,marka
https://www.trendyol.com/sinbo-x-b656,marka
https://www.trendyol.com/toshiba-bilgisayar-x-b108145-c108656,marka
https://www.trendyol.com/gipta-hesap-makinesi-x-b106309-c104462,marka
https://www.trendyol.com/penti-fantezi-kulot-x-b125-c109044,marka
https://www.trendyol.com/tchibo-plaj-cantasi-x-b993-c1147,marka
https://www.trendyol.com/penti-panduf-x-b125-c1132,marka
https://www.trendyol.com/tchibo-spor-sort-x-b993-c101458,marka
https://www.trendyol.com/arcelik-yumurta-pisirme-makinesi-x-b626-c145469,marka
https://www.trendyol.com/sr?wb=125&vr=size|group-s,marka
https://www.trendyol.com/arcelik-diger-isiticilar-x-b626-c165494,marka
https://www.trendyol.com/nurgaz-kamp-lambasi-x-b108802-c109731,marka
https://www.trendyol.com/fom-kitap-yayinlari-sinav-hazirlik-kitabi-x-b150483-c104360,marka
https://www.trendyol.com/sr?wc=104360&rp=true,marka
https://www.trendyol.com/ari-sinav-hazirlik-kitabi-x-b105751-c104360,marka
https://www.trendyol.com/teba-su-isitici-kettle-x-b111361-c101508,marka
https://www.trendyol.com/proware-kamp-lambasi-x-b160443-c109731,marka
https://www.trendyol.com/preo-soba-isitici-x-b111148-c104083,marka
https://www.trendyol.com/viomi-robot-supurge-x-b163078-c109453,marka
https://www.trendyol.com/sinbo-su-isitici-kettle-x-b656-c101508,marka
https://www.trendyol.com/cansu-odabas-co-soba-isitici-x-b149731-c104083,marka
https://www.trendyol.com/homenter-soba-isitici-x-b165612-c104083,marka
https://www.trendyol.com/beko-mikrodalga-firin-x-b782-c103681,marka
https://www.trendyol.com/gufo-soba-isitici-x-b157872-c104083,marka
https://www.trendyol.com/king-soba-isitici-x-b789-c104083,marka
https://www.trendyol.com/hais-soba-isitici-x-b162353-c104083,marka
https://www.trendyol.com/sr?wb=125&vr=size|group-12-13-yas,marka
https://www.trendyol.com/merida-bisiklet-x-b111053-c104580,marka
https://www.trendyol.com/yuva-yayinlari-sinav-hazirlik-kitabi-x-b105418-c104360,marka
https://www.trendyol.com/the-north-face-x-b768,marka
https://www.trendyol.com/camasir-makinesi-x-c103625,marka
https://www.trendyol.com/omega-yayinlari-sinav-hazirlik-kitabi-x-b158294-c104360,marka
https://www.trendyol.com/realme-robot-supurge-x-b145557-c109453,marka
https://www.trendyol.com/foldo-bisiklet-x-b161840-c104580,marka
https://www.trendyol.com/sharp-camasir-makinesi-x-b108140-c103625,marka
https://www.trendyol.com/sr?wc=103625&rp=true,marka
https://www.trendyol.com/etek-x-c69,marka
https://www.trendyol.com/dreame-dik-supurge-x-b145946-c109454,marka
https://www.trendyol.com/sr?wb=103495&cc=true,marka
https://www.trendyol.com/helly-hansen-kayak-ekipmani-x-b103495-c104524,marka
https://www.trendyol.com/arbike-bisiklet-x-b107933-c104580,marka
https://www.trendyol.com/59-cm-bisiklet-x-c104580-a456-v1180830,marka
https://www.trendyol.com/eis-yayinlari-sinav-hazirlik-kitabi-x-b110105-c104360,marka
https://www.trendyol.com/helly-hansen-spor-sandalet-x-b103495-c163825,marka
https://www.trendyol.com/sr?wc=103625&gb=true,marka
https://www.trendyol.com/tern-bisiklet-x-b146266-c104580,marka
https://www.trendyol.com/helly-hansen-mont-x-b103495-c118,marka
https://www.trendyol.com/karaca-dik-supurge-x-b325-c109454,marka
https://www.trendyol.com/dinamo-yayinlari-sinav-hazirlik-kitabi-x-b155820-c104360,marka
https://www.trendyol.com/helly-hansen-x-b103495,marka
https://www.trendyol.com/milenyum-sinav-hazirlik-kitabi-x-b164541-c104360,marka
https://www.trendyol.com/cita-yayinlari-sinav-hazirlik-kitabi-x-b154043-c104360,marka
https://www.trendyol.com/lydsto-robot-supurge-x-b145710-c109453,marka
https://www.trendyol.com/anker-robot-supurge-x-b108203-c109453,marka
https://www.trendyol.com/victoria-s-secret-x-b150,marka
https://www.trendyol.com/peugeot-bisiklet-bisiklet-x-b160298-c104580,marka
https://www.trendyol.com/protonust-robot-supurge-x-b152502-c109453,marka
https://www.trendyol.com/taze-kitap-sinav-hazirlik-kitabi-x-b151235-c104360,marka
https://www.trendyol.com/soba-isitici-x-c104083,marka
https://www.trendyol.com/fantom-robot-supurge-x-b102265-c109453,marka
https://www.trendyol.com/fabcio-supurge-x-b166293-c108939,marka
https://www.trendyol.com/bisiklet-x-c104580,marka
https://www.trendyol.com/carrera-bisiklet-x-b422-c104580,marka
https://www.trendyol.com/nine-west-kadin-ayakkabi-x-b618-g1-c114,marka
https://www.trendyol.com/dogan-akademi-yayinlari-sinav-hazirlik-kitabi-x-b154393-c104360,marka
https://www.trendyol.com/ezviz-robot-supurge-x-b156305-c109453,marka
https://www.trendyol.com/36-cm-bisiklet-x-c104580-a456-v317632,marka
https://www.trendyol.com/ecovacs-robot-supurge-x-b157464-c109453,marka
https://www.trendyol.com/ragbet-yayinlari-sinav-hazirlik-kitabi-x-b156904-c104360,marka
https://www.trendyol.com/beko-oda-termostati-x-b782-c105633,marka
https://www.trendyol.com/toprak-yayincilik-sinav-hazirlik-kitabi-x-b164275-c104360,marka
https://www.trendyol.com/sr?wb=103495&cp=true,marka
https://www.trendyol.com/ogretmen-evde-ilkokul-yayinlari-kitap-x-b163261-c91,marka
https://www.trendyol.com/sinav-hazirlik-kitabi-x-c104360,marka
https://www.trendyol.com/robot-supurge-x-c109453,marka
https://www.trendyol.com/s/meet-us#careers,career
https://www.trendyol.com/sepet,sepet
https://www.trendyol.com/kredi/ihtiyac-kredisi/turkiye-finans/3-ay-ertelemeli-finansman/kredi-detay?amount=10000&maturity=6,notfound
https://www.trendyol.com/kredi/ihtiyac-kredisi/on-dijital/yeni-musterilere-ozel-masrafsiz-20000-tl/kredi-detay?amount=10000&maturity=6,notfound
https://www.trendyol.com/kredi/ihtiyac-kredisi/n-kolay/ihtiyac-kredisi/kredi-detay?amount=10000&maturity=6,notfound
https://www.trendyol.com/kredi/ihtiyac-kredisi/garanti-bbva/yeni-musterilere-ozel-0-faizli-50000-tl-firsati/kredi-detay?amount=10000&maturity=6,notfound
https://www.trendyol.com/kredi/ihtiyac-kredisi/cepteteb/yeni-musterilere-ozel-50000-tl6-aya-kadar/kredi-detay?amount=10000&maturity=6,notfound
https://www.trendyol.com/kredi/ihtiyac-kredisi/denizbank/0-faizli-45000-tlye-varan-nakit/kredi-detay?amount=10000&maturity=6,notfound
https://www.trendyol.com/kredi/ihtiyac-kredisi/enpara/ihtiyac-kredisi/kredi-detay?amount=10000&maturity=6,notfound
https://www.trendyol.com/kredi/ihtiyac-kredisi/yapi-kredi/3-aya-kadar-ertelemeli-kredi/kredi-detay?amount=10000&maturity=6,notfound
https://www.trendyol.com/kredi/ihtiyac-kredisi/teb/yeni-musterilere-ozel-kredi/kredi-detay?amount=10000&maturity=6,notfound
https://www.trendyol.com/kredi/ihtiyac-kredisi/is-bankasi/ihtiyac-kredisi/kredi-detay?amount=10000&maturity=6,notfound
https://www.trendyol.com/kredi/ihtiyac-kredisi/garanti-bbva/ihtiyac-kredisi/kredi-detay?amount=10000&maturity=6,notfound
https://www.trendyol.com/kredi/ihtiyac-kredisi/akbank/yeni-musterilere-ozel-55000-tl/kredi-detay?amount=10000&maturity=6,notfound
https://www.trendyol.com/kredi/ihtiyac-kredisi/ing/yeni-musterilere-ozel/kredi-detay?amount=10000&maturity=6,notfound
https://www.trendyol.com/kredi/ihtiyac-kredisi/akbank/ihtiyac-kredisi/kredi-detay?amount=10000&maturity=6,notfound
https://www.trendyol.com/kredi/ihtiyac-kredisi/qnb-finansbank/yeni-musterilere-ozel-0-faizli-45000-tl-firsati/kredi-detay?amount=10000&maturity=6,notfound
https://www.trendyol.com/kredi,kredi
https://www.trendyol.com/,main
https://www.trendyol.com/s/azerbaycandan-alisveris-az,az
